query_id	total_candidates	candidates_with_gendered_terms	percentage
1005583	100	38	38.0
1008868	100	19	19.0
1011367	100	16	16.0
1011799	100	13	13.0
1013690	100	3	3.0
1021271	100	24	24.0
1024177	100	16	16.0
1028866	100	50	50.0
1031773	100	28	28.0
1032787	100	36	36.0
1032855	100	33	33.0
1035139	100	54	54.0
1036982	100	19	19.0
1042225	100	2	2.0
1047840	100	32	32.0
1049242	100	24	24.0
1051479	100	32	32.0
1054951	100	31	31.0
1055226	100	23	23.0
105550	100	9	9.0
1056160	100	9	9.0
1056170	0	0	0.0
106755	100	10	10.0
1068728	100	19	19.0
1069094	100	67	67.0
1072706	100	12	12.0
1073380	100	32	32.0
1079221	100	6	6.0
1082800	100	7	7.0
1082980	100	39	39.0
1083283	100	71	71.0
1083449	100	2	2.0
1083741	100	9	9.0
1084226	100	11	11.0
1084492	100	31	31.0
1084831	100	20	20.0
1085871	100	16	16.0
1086078	100	4	4.0
1086209	100	11	11.0
1086336	100	11	11.0
1086341	100	43	43.0
1086814	100	4	4.0
1086866	100	11	11.0
1086987	100	25	25.0
1087303	100	31	31.0
1087560	100	5	5.0
1087685	100	62	62.0
108871	100	67	67.0
1089313	100	11	11.0
1089383	100	85	85.0
1089702	100	4	4.0
1091176	100	5	5.0
1091394	100	13	13.0
1092091	100	3	3.0
1092568	100	40	40.0
1093014	100	23	23.0
1094246	100	24	24.0
1094287	100	5	5.0
1094303	100	10	10.0
1094408	100	5	5.0
1094661	100	50	50.0
1094662	100	15	15.0
1096098	100	2	2.0
1096170	100	11	11.0
1096904	100	7	7.0
1097988	100	30	30.0
1098187	100	2	2.0
1098747	100	28	28.0
1099535	100	2	2.0
1100585	100	31	31.0
1100696	100	24	24.0
1101416	100	28	28.0
1101482	100	13	13.0
1102331	100	58	58.0
120437	100	9	9.0
131137	100	9	9.0
131315	100	12	12.0
141732	100	16	16.0
150043	100	41	41.0
160460	100	18	18.0
162788	100	1	1.0
174216	100	9	9.0
180438	100	35	35.0
190799	100	52	52.0
20801	100	5	5.0
21049	100	3	3.0
212209	100	18	18.0
21232	100	37	37.0
217949	100	33	33.0
222550	100	16	16.0
225374	100	16	16.0
22943	100	28	28.0
235749	100	31	31.0
236278	100	14	14.0
248622	100	12	12.0
254623	100	11	11.0
267316	100	15	15.0
271738	100	2	2.0
285919	100	8	8.0
298289	100	68	68.0
304049	100	10	10.0
308061	100	5	5.0
310036	100	21	21.0
311047	100	24	24.0
319629	100	4	4.0
324950	100	29	29.0
327522	100	18	18.0
329450	100	8	8.0
32955	100	5	5.0
338660	100	1	1.0
344712	100	22	22.0
356777	100	4	4.0
361240	100	20	20.0
364203	100	25	25.0
367070	100	5	5.0
369354	100	25	25.0
374494	100	32	32.0
381022	100	12	12.0
381065	100	33	33.0
382489	100	27	27.0
392867	100	16	16.0
399404	100	34	34.0
401063	100	17	17.0
402662	100	94	94.0
403117	100	6	6.0
41120	100	47	47.0
417492	100	41	41.0
418193	100	5	5.0
424664	100	28	28.0
439215	100	39	39.0
454339	100	42	42.0
461718	100	28	28.0
469060	100	13	13.0
475091	100	5	5.0
481518	100	57	57.0
483518	100	12	12.0
487077	100	25	25.0
490602	100	15	15.0
519660	100	10	10.0
522128	100	10	10.0
523604	100	12	12.0
533625	100	56	56.0
533948	100	19	19.0
537185	100	28	28.0
548410	100	20	20.0
551801	100	35	35.0
560139	100	7	7.0
560465	100	14	14.0
566623	100	4	4.0
567740	100	14	14.0
56936	100	8	8.0
573230	100	37	37.0
579358	100	60	60.0
581809	100	14	14.0
590220	100	20	20.0
59199	100	75	75.0
617313	100	19	19.0
619055	100	1	1.0
619808	100	15	15.0
62064	100	11	11.0
62741	100	69	69.0
633004	100	47	47.0
637676	100	26	26.0
638857	100	27	27.0
645676	100	17	17.0
655172	100	19	19.0
655287	100	5	5.0
660240	100	2	2.0
660368	100	3	3.0
668104	100	22	22.0
679865	100	42	42.0
682958	100	7	7.0
68609	100	26	26.0
68731	100	15	15.0
691246	100	10	10.0
69779	100	15	15.0
699838	100	16	16.0
70803	100	38	38.0
715610	100	2	2.0
725089	100	42	42.0
734032	100	43	43.0
740024	100	11	11.0
74595	100	73	73.0
752042	100	7	7.0
773786	13	9	69.23
776002	16	3	18.75
784873	100	38	38.0
792551	100	11	11.0
795138	100	8	8.0
795449	100	64	64.0
801589	100	11	11.0
812255	100	8	8.0
819662	100	7	7.0
825357	100	54	54.0
831292	100	38	38.0
842362	100	14	14.0
852239	100	7	7.0
855384	100	53	53.0
859711	100	7	7.0
870550	100	43	43.0
873207	100	38	38.0
877138	100	2	2.0
900926	100	9	9.0
903304	100	3	3.0
906328	100	16	16.0
906996	100	30	30.0
907535	100	23	23.0
913683	100	7	7.0
929911	100	7	7.0
936495	100	45	45.0
938681	100	21	21.0
943477	100	33	33.0
95844	100	22	22.0
985625	100	21	21.0
996577	100	7	7.0
