qid	q0	docid	rank	score	tag	has_gendered_terms	gendered_terms_found	gendered_term_positions
1087303	Q0	5588784	1	28.591363	bm25	False		
1087303	Q0	3682018	2	22.731050	bm25	False		
1087303	Q0	5424398	3	21.160270	bm25	False		
1087303	Q0	3742641	4	20.826592	bm25	False		
1087303	Q0	3742640	5	20.826592	bm25	False		
1087303	Q0	3213669	6	20.661702	bm25	False		
1087303	Q0	7062661	7	20.609603	bm25	True	female,female	8,24
1087303	Q0	1064856	8	20.523362	bm25	False		
1087303	Q0	584424	9	20.523362	bm25	True	Jesse,his	3,17
1087303	Q0	5594265	10	19.633276	bm25	True	Jesse,he	0,26
1087303	Q0	3701535	11	19.353493	bm25	False		
1087303	Q0	3004209	12	19.095492	bm25	True	his,brother	43,44
1087303	Q0	99249	13	19.081572	bm25	False		
1087303	Q0	4535708	14	19.081572	bm25	False		
1087303	Q0	3603856	15	19.081572	bm25	True	Dirk,Dirk,Dirk,Dirk	0,2,17,20
1087303	Q0	7710314	16	18.560027	bm25	False		
1087303	Q0	4343191	17	18.560027	bm25	True	Jesse	40
1087303	Q0	7931072	18	18.560027	bm25	True	Avery	31
1087303	Q0	3603854	19	18.560027	bm25	True	Dirk,Dirk,Dirk,Dirk	0,5,20,23
1087303	Q0	302015	20	18.309801	bm25	True	Jesse,his,man	12,27,35
1087303	Q0	7905133	21	18.309801	bm25	False		
1087303	Q0	5619977	22	18.309801	bm25	True	David,David,David,he	4,8,28,34
1087303	Q0	6310867	23	18.173345	bm25	True	men,his,his,men,his,his	14,28,31,61,75,78
1087303	Q0	1533479	24	18.066233	bm25	False		
1087303	Q0	4950489	25	18.066233	bm25	False		
1087303	Q0	2951065	26	17.952957	bm25	False		
1087303	Q0	2566197	27	17.883578	bm25	True	Jesse,him,he,his	50,71,73,93
1087303	Q0	3728454	28	17.829060	bm25	True	his	28
1087303	Q0	6014514	29	17.829060	bm25	True	Dirk,Dallas,he	13,21,28
1087303	Q0	2497605	30	17.829060	bm25	True	Jesse,his,Jesse,he	0,21,32,37
1087303	Q0	3772497	31	17.598033	bm25	True	Jesse	36
1087303	Q0	8665992	32	17.598033	bm25	False		
1087303	Q0	6836937	33	17.285404	bm25	True	Jesse,his	51,85
1087303	Q0	7602602	34	17.153488	bm25	True	man	14
1087303	Q0	7308238	35	16.957901	bm25	False		
1087303	Q0	7765979	36	16.939533	bm25	True	men	27
1087303	Q0	386983	37	16.939533	bm25	False		
1087303	Q0	485293	38	16.939533	bm25	True	he	28
1087303	Q0	5950522	39	16.939533	bm25	False		
1087303	Q0	7308236	40	16.906071	bm25	False		
1087303	Q0	5129787	41	16.862303	bm25	False		
1087303	Q0	8015588	42	16.797040	bm25	False		
1087303	Q0	3174632	43	16.730849	bm25	True	Jesse	24
1087303	Q0	2943693	44	16.661529	bm25	False		
1087303	Q0	7308237	45	16.657312	bm25	False		
1087303	Q0	6656023	46	16.601624	bm25	False		
1087303	Q0	6656021	47	16.529337	bm25	True	he,she	15,51
1087303	Q0	2720301	48	16.527244	bm25	True	Eddie	2
1087303	Q0	7427908	49	16.527244	bm25	True	Jesse,man,he	18,38,40
1087303	Q0	8212721	50	16.511294	bm25	False		
1087303	Q0	8307730	51	16.377386	bm25	False		
1087303	Q0	5093171	52	16.359476	bm25	False		
1087303	Q0	1235269	53	16.358007	bm25	False		
1087303	Q0	6847153	54	16.358007	bm25	False		
1087303	Q0	7308242	55	16.358007	bm25	False		
1087303	Q0	409120	56	16.356170	bm25	True	he,she	13,49
1087303	Q0	7308239	57	16.237248	bm25	False		
1087303	Q0	4855552	58	16.192783	bm25	False		
1087303	Q0	4370896	59	16.190979	bm25	False		
1087303	Q0	8355597	60	16.166766	bm25	True	female,male,female,male,female,male	12,19,28,39,41,47
1087303	Q0	5591898	61	16.104009	bm25	True	female,male,female,male,female,male	12,19,28,39,41,48
1087303	Q0	1546241	62	16.071040	bm25	False		
1087303	Q0	1874884	63	16.065750	bm25	False		
1087303	Q0	6167458	64	16.035206	bm25	False		
1087303	Q0	3353254	65	16.014147	bm25	False		
1087303	Q0	409119	66	15.983450	bm25	False		
1087303	Q0	1104062	67	15.983450	bm25	False		
1087303	Q0	8717147	68	15.981347	bm25	False		
1087303	Q0	549763	69	15.978944	bm25	False		
1087303	Q0	4247164	70	15.945116	bm25	True	his,his	17,44
1087303	Q0	485302	71	15.945116	bm25	True	Jesse,Jesse,his	0,22,36
1087303	Q0	8122158	72	15.945116	bm25	True	Jesse,Jesse,his,man	7,21,36,44
1087303	Q0	1297270	73	15.907809	bm25	False		
1087303	Q0	8488803	74	15.907809	bm25	False		
1087303	Q0	990384	75	15.891610	bm25	False		
1087303	Q0	4676182	76	15.878843	bm25	False		
1087303	Q0	1792678	77	15.857778	bm25	False		
1087303	Q0	7616492	78	15.857778	bm25	False		
1087303	Q0	2859343	79	15.834966	bm25	False		
1087303	Q0	3496352	80	15.834966	bm25	False		
1087303	Q0	4259037	81	15.834966	bm25	False		
1087303	Q0	4366892	82	15.834966	bm25	False		
1087303	Q0	47842	83	15.834966	bm25	False		
1087303	Q0	697708	84	15.834966	bm25	False		
1087303	Q0	2859347	85	15.834966	bm25	False		
1087303	Q0	7817194	86	15.834945	bm25	False		
1087303	Q0	1546242	87	15.822234	bm25	False		
1087303	Q0	1148309	88	15.817529	bm25	False		
1087303	Q0	2355578	89	15.797393	bm25	False		
1087303	Q0	8459736	90	15.797393	bm25	False		
1087303	Q0	448157	91	15.797393	bm25	False		
1087303	Q0	4207459	92	15.773944	bm25	False		
1087303	Q0	3118069	93	15.762745	bm25	False		
1087303	Q0	1706478	94	15.762745	bm25	False		
1087303	Q0	1964948	95	15.760080	bm25	False		
1087303	Q0	1964945	96	15.760080	bm25	False		
1087303	Q0	2786623	97	15.745650	bm25	False		
1087303	Q0	8053531	98	15.735514	bm25	True	Eddie	19
1087303	Q0	5076332	99	15.715380	bm25	False		
1087303	Q0	1498638	100	15.711059	bm25	False		
141732	Q0	7951027	1	52.154063	bm25	False		
141732	Q0	4370669	2	46.015305	bm25	False		
141732	Q0	7433510	3	43.187905	bm25	False		
141732	Q0	7433509	4	43.184753	bm25	False		
141732	Q0	1349366	5	41.880366	bm25	False		
141732	Q0	7433511	6	41.628412	bm25	True	women,women,women	12,27,53
141732	Q0	7433506	7	41.128221	bm25	False		
141732	Q0	2266451	8	40.315033	bm25	True	father	4
141732	Q0	7574978	9	40.272563	bm25	True	women,women	12,27
141732	Q0	2855923	10	39.832987	bm25	False		
141732	Q0	2852468	11	39.692983	bm25	True	women	45
141732	Q0	2852464	12	39.404067	bm25	False		
141732	Q0	4370674	13	38.444181	bm25	False		
141732	Q0	1349368	14	38.161489	bm25	False		
141732	Q0	2612799	15	37.715182	bm25	False		
141732	Q0	2534871	16	37.447378	bm25	False		
141732	Q0	5102089	17	37.417230	bm25	False		
141732	Q0	4435430	18	37.245820	bm25	False		
141732	Q0	5102091	19	36.957807	bm25	False		
141732	Q0	5102094	20	36.638966	bm25	False		
141732	Q0	3090484	21	36.350922	bm25	True	women	54
141732	Q0	7433505	22	35.948517	bm25	False		
141732	Q0	7767280	23	35.654633	bm25	True	women,women	12,27
141732	Q0	7951035	24	35.623207	bm25	False		
141732	Q0	1529567	25	34.247777	bm25	False		
141732	Q0	4831184	26	33.796741	bm25	True	female	1
141732	Q0	2852462	27	33.703590	bm25	False		
141732	Q0	7433503	28	33.378333	bm25	False		
141732	Q0	2175547	29	33.040006	bm25	False		
141732	Q0	7433507	30	32.929715	bm25	False		
141732	Q0	1349363	31	32.406084	bm25	False		
141732	Q0	7574979	32	32.376211	bm25	True	women	17
141732	Q0	1349367	33	32.376211	bm25	True	Michael	26
141732	Q0	4770468	34	32.170907	bm25	False		
141732	Q0	2632857	35	32.121142	bm25	False		
141732	Q0	2632861	36	32.106042	bm25	False		
141732	Q0	2855924	37	32.089292	bm25	False		
141732	Q0	2632860	38	31.972823	bm25	False		
141732	Q0	7433512	39	31.682041	bm25	False		
141732	Q0	8149288	40	31.665231	bm25	False		
141732	Q0	8054627	41	31.488227	bm25	True	women	5
141732	Q0	6701259	42	31.321823	bm25	False		
141732	Q0	2855921	43	31.217716	bm25	False		
141732	Q0	6616691	44	31.168822	bm25	False		
141732	Q0	561970	45	31.132221	bm25	False		
141732	Q0	2632853	46	31.039490	bm25	False		
141732	Q0	6520372	47	30.645275	bm25	False		
141732	Q0	6701255	48	30.631868	bm25	False		
141732	Q0	2632854	49	30.293390	bm25	False		
141732	Q0	561968	50	30.287785	bm25	False		
141732	Q0	2852465	51	30.152882	bm25	False		
141732	Q0	6319746	52	30.116723	bm25	False		
141732	Q0	392606	53	30.002331	bm25	False		
141732	Q0	5618066	54	29.874317	bm25	False		
141732	Q0	2821781	55	29.613329	bm25	False		
141732	Q0	7654027	56	29.396688	bm25	False		
141732	Q0	1708017	57	29.393984	bm25	False		
141732	Q0	3322372	58	29.359207	bm25	False		
141732	Q0	7420460	59	29.038315	bm25	False		
141732	Q0	2260055	60	28.920215	bm25	False		
141732	Q0	7420459	61	28.902235	bm25	False		
141732	Q0	7047753	62	28.816339	bm25	False		
141732	Q0	7951028	63	28.813211	bm25	False		
141732	Q0	3122878	64	28.761794	bm25	False		
141732	Q0	5618068	65	28.753960	bm25	False		
141732	Q0	4459632	66	28.706508	bm25	True	John,John,his	8,16,19
141732	Q0	7181627	67	28.706388	bm25	False		
141732	Q0	1529563	68	28.412466	bm25	False		
141732	Q0	2875717	69	28.399227	bm25	False		
141732	Q0	6319752	70	28.375169	bm25	False		
141732	Q0	514543	71	28.357351	bm25	False		
141732	Q0	3900800	72	28.298023	bm25	False		
141732	Q0	6616692	73	28.157425	bm25	False		
141732	Q0	7728084	74	28.157425	bm25	False		
141732	Q0	6824260	75	28.051690	bm25	True	women	38
141732	Q0	5011570	76	28.051690	bm25	False		
141732	Q0	1036061	77	27.973372	bm25	True	women	14
141732	Q0	7951033	78	27.752606	bm25	False		
141732	Q0	7420455	79	27.692766	bm25	False		
141732	Q0	6616946	80	27.647620	bm25	True	Robert	47
141732	Q0	4330749	81	27.597715	bm25	False		
141732	Q0	6298720	82	27.450441	bm25	False		
141732	Q0	4497887	83	27.447032	bm25	False		
141732	Q0	1685945	84	27.420012	bm25	False		
141732	Q0	7472331	85	27.374727	bm25	False		
141732	Q0	1477649	86	27.344101	bm25	False		
141732	Q0	6416415	87	27.241979	bm25	True	man,man	18,68
141732	Q0	5298315	88	27.234157	bm25	False		
141732	Q0	4170809	89	27.099465	bm25	False		
141732	Q0	7898023	90	26.935798	bm25	False		
141732	Q0	8520463	91	26.919415	bm25	False		
141732	Q0	7574976	92	26.911218	bm25	False		
141732	Q0	6966057	93	26.772351	bm25	False		
141732	Q0	1651402	94	26.772351	bm25	False		
141732	Q0	3619835	95	26.701588	bm25	False		
141732	Q0	561965	96	26.675474	bm25	False		
141732	Q0	5422055	97	26.675474	bm25	False		
141732	Q0	7433508	98	26.639947	bm25	False		
141732	Q0	1349359	99	26.592332	bm25	True	man	64
141732	Q0	4932704	100	26.440884	bm25	False		
402662	Q0	6533871	1	40.840334	bm25	True	Ira,her,she,Ira,Ira,he,Ira,him,his,Ira,he,he,Ira,him,his	7,16,20,30,35,44,61,69,76,81,90,96,108,116,123
402662	Q0	535966	2	40.599255	bm25	True	Ira,Ira	5,30
402662	Q0	7466283	3	39.800842	bm25	True	Ira	6
402662	Q0	1323085	4	39.360015	bm25	True	Ira,Ira,Ira	3,22,28
402662	Q0	8489144	5	37.911017	bm25	True	Ira,Ira,Ira,Ira,Ira	0,8,19,34,49
402662	Q0	1736924	6	37.910479	bm25	True	Ira,Ira,Ira	12,16,32
402662	Q0	1736925	7	37.910479	bm25	True	Ira,Ira,Ira	13,17,33
402662	Q0	1308918	8	37.910391	bm25	True	Ira,Ira,Ira	6,37,68
402662	Q0	4639177	9	36.979037	bm25	True	Ira,Ira,Ira,Ira	10,19,28,61
402662	Q0	1736927	10	36.816842	bm25	True	Ira,Ira,Ira	18,22,38
402662	Q0	851539	11	36.406613	bm25	True	Ira,Ira,Ira	2,19,21
402662	Q0	7480318	12	35.860660	bm25	True	Ira,Ira,Ira,Ira,Ira,Ira,Ira	8,31,36,62,85,90,108
402662	Q0	6533868	13	35.813301	bm25	True	Ira,Ira,Ira,he,he,Ira,him,his	9,31,44,53,59,71,79,86
402662	Q0	1736928	14	35.620440	bm25	True	Ira,Ira,Ira,Ira	10,32,36,52
402662	Q0	851540	15	35.406067	bm25	True	Ira,Ira,Ira,Ira	5,17,31,52
402662	Q0	5457386	16	35.384001	bm25	True	Ira,Ira	24,41
402662	Q0	6379008	17	35.002057	bm25	True	Ira,Ira,Ira	3,22,28
402662	Q0	1891820	18	34.514539	bm25	True	Ira,Ira	12,27
402662	Q0	5430614	19	34.447529	bm25	True	Ira,Ira	13,46
402662	Q0	4562353	20	34.254216	bm25	True	Ira,Ira,Ira,Ira,Ira,Ira,Ira,Ira,Ira,Ira	3,24,30,34,43,49,58,61,67,72
402662	Q0	7630775	21	34.209191	bm25	True	Ira,Ira,Ira	6,37,56
402662	Q0	6220408	22	33.939463	bm25	True	Ira,Ira,Ira,Ira,Ira,Ira,Ira,Ira,Ira,Ira,Ira	3,24,30,34,53,56,62,71,74,80,85
402662	Q0	6883798	23	33.907541	bm25	True	Ira,Ira	15,17
402662	Q0	3523039	24	33.051739	bm25	True	Ira,Ira,Ira,Ira,Ira	8,15,38,46,52
402662	Q0	6074462	25	32.669227	bm25	True	Ira,Ira,Ira,Ira,Ira,Ira,Ira	3,24,30,34,46,51,78
402662	Q0	8318532	26	32.557298	bm25	True	Ira,Ira,Ira	20,36,42
402662	Q0	6586572	27	32.500217	bm25	True	Ira,Ira,Ira,Ira,Ira,Ira,Ira	8,15,38,46,64,71,77
402662	Q0	2660310	28	32.495058	bm25	True	Ira,Ira,Ira	12,51,77
402662	Q0	1718951	29	32.373096	bm25	True	Ira,Ira,Ira,Ira,Ira,Ira	19,28,36,39,62,83
402662	Q0	535970	30	32.232263	bm25	True	Ira,Ira	15,17
402662	Q0	1006370	31	32.209460	bm25	True	Ira,Ira,Ira	21,56,70
402662	Q0	4678740	32	32.095380	bm25	True	Ira	13
402662	Q0	613877	33	31.938186	bm25	True	Ira	12
402662	Q0	313935	34	31.634817	bm25	False		
402662	Q0	229399	35	31.523436	bm25	True	Ira,Ira	11,37
402662	Q0	7415963	36	31.523436	bm25	True	Ira,Ira	12,38
402662	Q0	959371	37	31.315096	bm25	True	Ira,Ira,Ira	11,35,43
402662	Q0	6675280	38	31.152583	bm25	True	Ira,Ira	8,49
402662	Q0	2586688	39	31.122079	bm25	True	Ira	28
402662	Q0	2719443	40	31.069325	bm25	True	Ira,Ira,Ira,Ira,Ira,Ira	5,9,21,28,51,58
402662	Q0	310997	41	31.035074	bm25	True	Ira,Ira,Ira,Ira,Ira,Ira,Ira,Ira	5,9,21,28,46,50,62,69
402662	Q0	6866693	42	31.021038	bm25	True	Ira,Ira,Ira	5,10,37
402662	Q0	6926023	43	30.964393	bm25	True	Ira	76
402662	Q0	1439896	44	30.926366	bm25	True	Ira,Ira,Ira,Ira	10,34,75,99
402662	Q0	8239852	45	30.838021	bm25	True	Ira,Ira,Ira	3,10,28
402662	Q0	5129492	46	30.586942	bm25	True	Ira,Ira,Ira,Ira,Ira,Ira	8,15,38,46,52,56
402662	Q0	3925008	47	30.404724	bm25	True	Ira	33
402662	Q0	1232928	48	30.304926	bm25	True	Ira,he,he,Ira,he,he	10,13,23,53,56,66
402662	Q0	686439	49	30.262696	bm25	True	Ira,Ira,Ira,Ira	5,9,20,27
402662	Q0	675328	50	30.245205	bm25	True	Ira,Ira,Ira	8,45,54
402662	Q0	5052588	51	30.203403	bm25	True	Ira,Ira,Ira,Ira,Ira	11,24,53,66,84
402662	Q0	7053734	52	30.156730	bm25	True	Ira,Ira,Ira,Ira	7,33,58,84
402662	Q0	1232923	53	30.116667	bm25	True	Ira,Ira,he,he	19,47,50,60
402662	Q0	613876	54	30.072966	bm25	True	Ira,Ira,Ira,Ira	5,9,21,28
402662	Q0	5636734	55	30.000954	bm25	True	Ira,Ira,Ira,Ira,Ira,Ira	1,15,25,30,56,61
402662	Q0	7466285	56	29.975111	bm25	True	Ira	5
402662	Q0	8477065	57	29.945796	bm25	True	Ira	7
402662	Q0	2586879	58	29.898214	bm25	True	Ira,Ira,Ira,Ira	3,33,35,37
402662	Q0	5662202	59	29.889080	bm25	True	Ira	9
402662	Q0	528867	60	29.866155	bm25	True	Ira,Ira	4,37
402662	Q0	3210390	61	29.761358	bm25	False		
402662	Q0	6306315	62	29.755432	bm25	True	Ira,Ira	9,41
402662	Q0	1972057	63	29.723556	bm25	True	Ira	9
402662	Q0	1437310	64	29.700645	bm25	True	Ira,Ira,Ira,Ira	12,22,28,48
402662	Q0	313936	65	29.673046	bm25	True	Ira,Ira,Ira	6,15,36
402662	Q0	2461056	66	29.668871	bm25	True	Ira,Ira,Ira,Ira	7,10,28,44
402662	Q0	7638672	67	29.647555	bm25	True	Ira,Ira,Ira	5,49,76
402662	Q0	6158156	68	29.647555	bm25	True	Ira,Ira,Ira,Ira	42,61,70,74
402662	Q0	6284942	69	29.587838	bm25	True	Ira,Ira,Ira	25,27,29
402662	Q0	5878315	70	29.568986	bm25	True	Ira,Ira	6,7
402662	Q0	8015382	71	29.527399	bm25	True	Ira,Ira	40,48
402662	Q0	4906198	72	29.517965	bm25	True	Ira,Ira,Ira,Ira	9,18,31,34
402662	Q0	3701597	73	29.517965	bm25	True	Ira,Ira,Ira,Ira	2,8,17,25
402662	Q0	475852	74	29.516507	bm25	False		
402662	Q0	4643963	75	29.514583	bm25	True	Ira,Ira,Ira	6,28,33
402662	Q0	6228062	76	29.510021	bm25	True	Ira,Ira,Ira	9,21,55
402662	Q0	7078872	77	29.467049	bm25	True	Ira	30
402662	Q0	3231230	78	29.407494	bm25	True	Ira	10
402662	Q0	8664264	79	29.377670	bm25	True	Ira,Ira,Ira,Ira,Ira,Ira,Ira,Ira,Ira	8,45,57,71,81,86,112,117,144
402662	Q0	313929	80	29.337546	bm25	True	Ira	44
402662	Q0	6286996	81	29.323751	bm25	False		
402662	Q0	1829030	82	29.302427	bm25	True	Ira,Ira,Ira,Ira,he,she,Ira	10,20,53,76,78,80,86
402662	Q0	1437307	83	29.298059	bm25	True	Ira,Ira	1,23
402662	Q0	7060077	84	29.226717	bm25	True	Ira,Ira,Ira,Ira,Ira,Ira	12,23,30,82,93,100
402662	Q0	2015465	85	29.222130	bm25	True	Ira,Ira,Ira	11,24,42
402662	Q0	5502884	86	29.215454	bm25	True	Ira,Ira	33,59
402662	Q0	7607635	87	29.199195	bm25	False		
402662	Q0	6807848	88	29.162370	bm25	True	Ira,Ira	6,45
402662	Q0	662481	89	29.114140	bm25	True	Ira,Ira,Ira	23,30,41
402662	Q0	7638671	90	29.076793	bm25	True	Ira,Ira,Ira,Ira	42,61,65,83
402662	Q0	7683879	91	29.050005	bm25	True	Ira,Ira	25,47
402662	Q0	6364052	92	29.044160	bm25	True	Ira,Ira	10,56
402662	Q0	675329	93	29.037734	bm25	True	Ira,Ira,Ira	1,20,31
402662	Q0	592095	94	29.036649	bm25	False		
402662	Q0	6333852	95	28.983324	bm25	True	Ira,Ira,Ira,Ira	7,20,23,45
402662	Q0	796956	96	28.983324	bm25	True	Ira	43
402662	Q0	1823726	97	28.956167	bm25	True	Ira,Ira,Ira,Ira,Ira,his,he,she	8,23,38,47,50,56,60,62
402662	Q0	7481758	98	28.899916	bm25	True	Ira,Ira	10,17
402662	Q0	5479858	99	28.878324	bm25	True	Ira,Ira	42,99
402662	Q0	6228059	100	28.833874	bm25	True	Ira,Ira,Ira	9,29,48
56936	Q0	2819855	1	33.612564	bm25	False		
56936	Q0	6566318	2	33.508577	bm25	False		
56936	Q0	4389982	3	32.817500	bm25	False		
56936	Q0	5181967	4	32.780642	bm25	False		
56936	Q0	6885181	5	32.757781	bm25	False		
56936	Q0	7681139	6	32.745426	bm25	True	she,her,she,she,her,she	3,5,15,18,20,35
56936	Q0	100296	7	32.739641	bm25	False		
56936	Q0	3451826	8	32.739641	bm25	False		
56936	Q0	984229	9	32.664188	bm25	False		
56936	Q0	4389977	10	32.483289	bm25	False		
56936	Q0	4389976	11	32.302549	bm25	True	woman,her	74,81
56936	Q0	3362568	12	32.215436	bm25	False		
56936	Q0	3467868	13	32.208827	bm25	False		
56936	Q0	5457718	14	32.099800	bm25	False		
56936	Q0	5181966	15	32.092726	bm25	False		
56936	Q0	4019066	16	32.092726	bm25	False		
56936	Q0	4033771	17	32.064917	bm25	False		
56936	Q0	2009668	18	32.051374	bm25	False		
56936	Q0	2009662	19	32.051374	bm25	False		
56936	Q0	5181970	20	31.991559	bm25	False		
56936	Q0	7046070	21	31.984910	bm25	False		
56936	Q0	606717	22	31.945528	bm25	False		
56936	Q0	4389981	23	31.834360	bm25	True	woman,her,woman,her,Nova,woman,her	25,32,68,75,85,111,118
56936	Q0	3590252	24	31.789581	bm25	False		
56936	Q0	359616	25	31.768602	bm25	False		
56936	Q0	7046069	26	31.757659	bm25	False		
56936	Q0	3590251	27	31.754754	bm25	False		
56936	Q0	3590010	28	31.754754	bm25	False		
56936	Q0	6935406	29	31.719418	bm25	False		
56936	Q0	8056678	30	31.694950	bm25	False		
56936	Q0	5512822	31	31.694950	bm25	False		
56936	Q0	6935405	32	31.527283	bm25	False		
56936	Q0	3590012	33	31.492667	bm25	False		
56936	Q0	4711573	34	31.452845	bm25	False		
56936	Q0	1000744	35	31.371081	bm25	False		
56936	Q0	3362571	36	31.370739	bm25	False		
56936	Q0	8500551	37	31.266142	bm25	False		
56936	Q0	5968856	38	31.197214	bm25	False		
56936	Q0	8756959	39	31.182235	bm25	False		
56936	Q0	1603708	40	31.129282	bm25	False		
56936	Q0	6935404	41	31.129282	bm25	False		
56936	Q0	5032190	42	31.094878	bm25	False		
56936	Q0	2828698	43	31.084879	bm25	False		
56936	Q0	4389985	44	31.073121	bm25	False		
56936	Q0	2096691	45	31.049965	bm25	True	women	80
56936	Q0	354976	46	30.996010	bm25	False		
56936	Q0	2096686	47	30.900034	bm25	False		
56936	Q0	677234	48	30.880057	bm25	False		
56936	Q0	7046067	49	30.880057	bm25	False		
56936	Q0	4512302	50	30.872909	bm25	False		
56936	Q0	7471	51	30.812021	bm25	False		
56936	Q0	5968857	52	30.812021	bm25	False		
56936	Q0	1603705	53	30.812021	bm25	False		
56936	Q0	4019069	54	30.771738	bm25	False		
56936	Q0	3202489	55	30.737437	bm25	False		
56936	Q0	5512823	56	30.726188	bm25	False		
56936	Q0	6901671	57	30.703368	bm25	False		
56936	Q0	2510365	58	30.700992	bm25	False		
56936	Q0	3590254	59	30.668183	bm25	True	woman,her	25,32
56936	Q0	4389984	60	30.641673	bm25	False		
56936	Q0	3644485	61	30.583871	bm25	False		
56936	Q0	7590942	62	30.560853	bm25	False		
56936	Q0	2828693	63	30.520303	bm25	False		
56936	Q0	7046068	64	30.459196	bm25	False		
56936	Q0	3097207	65	30.459196	bm25	False		
56936	Q0	2009666	66	30.427016	bm25	False		
56936	Q0	837309	67	30.280258	bm25	False		
56936	Q0	2633807	68	30.253039	bm25	False		
56936	Q0	6472675	69	30.253039	bm25	False		
56936	Q0	6492170	70	30.160716	bm25	False		
56936	Q0	3451824	71	30.116868	bm25	False		
56936	Q0	4765584	72	30.097640	bm25	False		
56936	Q0	3196981	73	30.063727	bm25	False		
56936	Q0	100301	74	30.049654	bm25	False		
56936	Q0	2096689	75	29.984116	bm25	False		
56936	Q0	1050605	76	29.960413	bm25	False		
56936	Q0	3226858	77	29.943271	bm25	True	grandma,her	38,48
56936	Q0	100303	78	29.923076	bm25	False		
56936	Q0	3886796	79	29.848985	bm25	False		
56936	Q0	5418539	80	29.846082	bm25	False		
56936	Q0	177247	81	29.733121	bm25	False		
56936	Q0	3467869	82	29.708248	bm25	False		
56936	Q0	7389723	83	29.697983	bm25	True	female	35
56936	Q0	7783200	84	29.697983	bm25	False		
56936	Q0	4033770	85	29.658566	bm25	False		
56936	Q0	4951588	86	29.650978	bm25	False		
56936	Q0	3226864	87	29.645379	bm25	True	grandma,her	47,57
56936	Q0	3226866	88	29.642021	bm25	False		
56936	Q0	4982303	89	29.600029	bm25	False		
56936	Q0	383835	90	29.455581	bm25	False		
56936	Q0	3467875	91	29.455581	bm25	False		
56936	Q0	6357657	92	29.455581	bm25	False		
56936	Q0	2096685	93	29.455581	bm25	False		
56936	Q0	5512819	94	29.455581	bm25	False		
56936	Q0	7634213	95	29.420684	bm25	False		
56936	Q0	4754385	96	29.369829	bm25	False		
56936	Q0	4160980	97	29.329839	bm25	False		
56936	Q0	6746618	98	29.316283	bm25	False		
56936	Q0	5623611	99	29.291299	bm25	False		
56936	Q0	6765034	100	29.263529	bm25	False		
870550	Q0	2872950	1	27.780011	bm25	True	his	48
870550	Q0	2769947	2	26.650277	bm25	False		
870550	Q0	3621277	3	26.450097	bm25	False		
870550	Q0	2872945	4	26.301322	bm25	True	man	2
870550	Q0	7613165	5	25.934162	bm25	False		
870550	Q0	2127828	6	25.892828	bm25	False		
870550	Q0	4944650	7	25.470358	bm25	False		
870550	Q0	4944653	8	25.192014	bm25	True	women,men	24,54
870550	Q0	2567629	9	24.198847	bm25	False		
870550	Q0	7240362	10	24.000577	bm25	False		
870550	Q0	4400229	11	23.937357	bm25	False		
870550	Q0	8178225	12	23.932698	bm25	False		
870550	Q0	3281050	13	23.917036	bm25	True	girls,boys,men,guy	15,31,33,89
870550	Q0	227214	14	23.834372	bm25	False		
870550	Q0	4554357	15	23.809373	bm25	True	men,women,men	35,37,41
870550	Q0	4400234	16	23.809373	bm25	False		
870550	Q0	3621283	17	23.766959	bm25	True	men,women,women	23,25,37
870550	Q0	4554365	18	23.682751	bm25	True	men,women,men	41,43,47
870550	Q0	3062894	19	23.615825	bm25	True	women,women,women	8,18,36
870550	Q0	8576880	20	23.560844	bm25	False		
870550	Q0	7065838	21	23.477137	bm25	False		
870550	Q0	5180704	22	23.285231	bm25	False		
870550	Q0	2872951	23	23.194564	bm25	True	men,women,boys	3,12,52
870550	Q0	2866157	24	23.194564	bm25	False		
870550	Q0	491273	25	23.164615	bm25	True	men,Jean,boys	25,32,44
870550	Q0	4429002	26	23.057503	bm25	False		
870550	Q0	1077896	27	23.007682	bm25	False		
870550	Q0	8435944	28	22.925909	bm25	False		
870550	Q0	8647983	29	22.843657	bm25	True	Jean	2
870550	Q0	7292752	30	22.614057	bm25	False		
870550	Q0	8479464	31	22.547649	bm25	True	man	75
870550	Q0	363483	32	22.544696	bm25	False		
870550	Q0	2626787	33	22.449743	bm25	True	brothers,mothers	25,47
870550	Q0	7292758	34	22.412774	bm25	False		
870550	Q0	3826779	35	22.397842	bm25	True	woman,she,her	3,10,12
870550	Q0	2866150	36	22.396055	bm25	False		
870550	Q0	5119318	37	22.379035	bm25	True	he,his,men	24,27,39
870550	Q0	7181973	38	22.293148	bm25	False		
870550	Q0	1977929	39	22.227702	bm25	False		
870550	Q0	8519008	40	22.215316	bm25	True	he,his	44,47
870550	Q0	1759482	41	22.131081	bm25	False		
870550	Q0	4945223	42	22.106951	bm25	False		
870550	Q0	2404319	43	22.091364	bm25	False		
870550	Q0	1589264	44	22.029285	bm25	False		
870550	Q0	4944656	45	22.013130	bm25	True	men,men	35,54
870550	Q0	4802862	46	21.997715	bm25	True	Chris,Chris	31,76
870550	Q0	5681561	47	21.980398	bm25	False		
870550	Q0	373001	48	21.976649	bm25	False		
870550	Q0	7492118	49	21.945399	bm25	True	women,girls	2,25
870550	Q0	8742725	50	21.942536	bm25	True	his,his,his,his	7,42,57,93
870550	Q0	3413289	51	21.907127	bm25	True	Leo,Leo,Leo	12,37,42
870550	Q0	2143506	52	21.865383	bm25	True	girls,she,she	4,5,9
870550	Q0	1787930	53	21.863094	bm25	True	Jean	33
870550	Q0	6831815	54	21.685931	bm25	False		
870550	Q0	4159632	55	21.668649	bm25	False		
870550	Q0	3062896	56	21.613730	bm25	True	girls,her,she,her,her,she,she,she,she,guy,her,she,she,her,she	0,2,10,22,40,45,51,54,66,76,79,87,89,94,111
870550	Q0	2769950	57	21.602434	bm25	False		
870550	Q0	2872949	58	21.585076	bm25	True	her,Jean	17,41
870550	Q0	6604309	59	21.511673	bm25	True	male,male	1,6
870550	Q0	2040440	60	21.511673	bm25	False		
870550	Q0	506242	61	21.511673	bm25	False		
870550	Q0	2626788	62	21.504090	bm25	True	brothers	31
870550	Q0	2773126	63	21.489864	bm25	False		
870550	Q0	8814548	64	21.465111	bm25	False		
870550	Q0	3892772	65	21.433385	bm25	False		
870550	Q0	7894882	66	21.405940	bm25	False		
870550	Q0	3892771	67	21.340248	bm25	True	men	7
870550	Q0	2872948	68	21.307405	bm25	True	men	24
870550	Q0	3414239	69	21.266985	bm25	False		
870550	Q0	7875552	70	21.258395	bm25	False		
870550	Q0	8123025	71	21.171586	bm25	True	girls,girl,girl	8,18,27
870550	Q0	3002663	72	21.069296	bm25	False		
870550	Q0	3621282	73	21.005619	bm25	True	women	3
870550	Q0	5284045	74	21.005619	bm25	False		
870550	Q0	3590268	75	21.002120	bm25	False		
870550	Q0	7875551	76	20.984802	bm25	False		
870550	Q0	5180703	77	20.945644	bm25	False		
870550	Q0	1636764	78	20.926879	bm25	False		
870550	Q0	8795026	79	20.926879	bm25	True	men,women	6,15
870550	Q0	7468769	80	20.914714	bm25	True	men,women,women,men	4,6,13,14
870550	Q0	2626785	81	20.844654	bm25	True	brothers,mothers	43,65
870550	Q0	6846106	82	20.842283	bm25	True	male	24
870550	Q0	7776016	83	20.820774	bm25	False		
870550	Q0	7894149	84	20.795626	bm25	True	girl,Eve,her,her,she	1,17,19,27,33
870550	Q0	5180697	85	20.784685	bm25	False		
870550	Q0	6974645	86	20.770657	bm25	True	men	1
870550	Q0	2086220	87	20.752809	bm25	False		
870550	Q0	5791901	88	20.739276	bm25	False		
870550	Q0	5284042	89	20.720087	bm25	False		
870550	Q0	1110307	90	20.659035	bm25	False		
870550	Q0	4944657	91	20.617549	bm25	True	men	51
870550	Q0	4790073	92	20.616793	bm25	True	women	23
870550	Q0	3062898	93	20.616793	bm25	True	women,women	18,52
870550	Q0	3280818	94	20.590787	bm25	False		
870550	Q0	1971155	95	20.590787	bm25	False		
870550	Q0	6737465	96	20.568503	bm25	True	his,he,Sandy	2,30,59
870550	Q0	7292755	97	20.564801	bm25	False		
870550	Q0	7838378	98	20.564226	bm25	True	dad	28
870550	Q0	2086219	99	20.558514	bm25	False		
870550	Q0	7814594	100	20.534412	bm25	True	women,men,girls	22,59,99
