dataset	model	pool	seed	MRR@10	nDCG@10	Recall@10	NFaiRR@5	NFaiRR@10	NFaiRR@20	NFaiRR@50
msmarco_fair_heldout	BM25	-	42	0.1081	0.1458	0.2615	0.8003	0.8196	0.8418	0.8613
msmarco_fair_heldout	BM25	-	29	0.1005	0.1344	0.2462	0.8061	0.8223	0.8424	0.8614
msmarco_fair_heldout	BM25	-	59	0.1059	0.1397	0.2513	0.8108	0.8279	0.8468	0.8634
msmarco_fair_heldout	BM25	-	104	0.0982	0.1335	0.2487	0.8059	0.8245	0.8449	0.8629
msmarco_fair_heldout	BM25	-	996	0.0845	0.1194	0.2333	0.8044	0.8230	0.8395	0.8559
msmarco_fair_heldout	BM25	-	mean	0.0994	0.1346	0.2482	0.8055	0.8235	0.8431	0.8610
msmarco_fair_heldout	BM25	-	std	0.0093	0.0098	0.0102	0.0038	0.0031	0.0028	0.0030
msmarco_fair_heldout	sentence-transformers/msmarco-distilbert-base-tas-b	cls	42	0.2180	0.2596	0.4017	0.8539	0.8602	0.8683	0.8745
msmarco_fair_heldout	sentence-transformers/msmarco-distilbert-base-tas-b	cls	29	0.2015	0.2432	0.3846	0.8641	0.8729	0.8774	0.8802
msmarco_fair_heldout	sentence-transformers/msmarco-distilbert-base-tas-b	cls	59	0.2146	0.2551	0.3915	0.8732	0.8742	0.8773	0.8796
msmarco_fair_heldout	sentence-transformers/msmarco-distilbert-base-tas-b	cls	104	0.2056	0.2483	0.3940	0.8609	0.8656	0.8726	0.8761
msmarco_fair_heldout	sentence-transformers/msmarco-distilbert-base-tas-b	cls	996	0.1980	0.2392	0.3761	0.8605	0.8638	0.8670	0.8708
msmarco_fair_heldout	sentence-transformers/msmarco-distilbert-base-tas-b	cls	mean	0.2075	0.2491	0.3896	0.8625	0.8673	0.8725	0.8762
msmarco_fair_heldout	sentence-transformers/msmarco-distilbert-base-tas-b	cls	std	0.0085	0.0084	0.0097	0.0070	0.0060	0.0049	0.0039
msmarco_fair_heldout	sentence-transformers/multi-qa-distilbert-dot-v1	cls	42	0.2095	0.2465	0.3735	0.8633	0.8653	0.8696	0.8754
msmarco_fair_heldout	sentence-transformers/multi-qa-distilbert-dot-v1	cls	29	0.1989	0.2321	0.3487	0.8695	0.8745	0.8776	0.8800
msmarco_fair_heldout	sentence-transformers/multi-qa-distilbert-dot-v1	cls	59	0.2167	0.2486	0.3607	0.8826	0.8815	0.8808	0.8804
msmarco_fair_heldout	sentence-transformers/multi-qa-distilbert-dot-v1	cls	104	0.2011	0.2387	0.3658	0.8664	0.8711	0.8754	0.8781
msmarco_fair_heldout	sentence-transformers/multi-qa-distilbert-dot-v1	cls	996	0.1948	0.2286	0.3453	0.8718	0.8712	0.8705	0.8720
msmarco_fair_heldout	sentence-transformers/multi-qa-distilbert-dot-v1	cls	mean	0.2042	0.2389	0.3588	0.8707	0.8727	0.8748	0.8772
msmarco_fair_heldout	sentence-transformers/multi-qa-distilbert-dot-v1	cls	std	0.0088	0.0087	0.0118	0.0074	0.0059	0.0047	0.0035
msmarco_fair_heldout	sentence-transformers/multi-qa-MiniLM-L6-dot-v1	cls	42	0.2019	0.2362	0.3530	0.8555	0.8640	0.8716	0.8786
msmarco_fair_heldout	sentence-transformers/multi-qa-MiniLM-L6-dot-v1	cls	29	0.1860	0.2184	0.3256	0.8653	0.8718	0.8781	0.8831
msmarco_fair_heldout	sentence-transformers/multi-qa-MiniLM-L6-dot-v1	cls	59	0.1934	0.2275	0.3427	0.8774	0.8813	0.8824	0.8841
msmarco_fair_heldout	sentence-transformers/multi-qa-MiniLM-L6-dot-v1	cls	104	0.1833	0.2182	0.3350	0.8641	0.8699	0.8764	0.8809
msmarco_fair_heldout	sentence-transformers/multi-qa-MiniLM-L6-dot-v1	cls	996	0.1858	0.2189	0.3299	0.8591	0.8655	0.8692	0.8734
msmarco_fair_heldout	sentence-transformers/multi-qa-MiniLM-L6-dot-v1	cls	mean	0.1901	0.2238	0.3372	0.8643	0.8705	0.8755	0.8800
msmarco_fair_heldout	sentence-transformers/multi-qa-MiniLM-L6-dot-v1	cls	std	0.0076	0.0079	0.0109	0.0083	0.0068	0.0052	0.0043
msmarco_fair_heldout	sentence-transformers/msmarco-bert-base-dot-v5	mean	42	0.2532	0.2842	0.4060	0.8574	0.8670	0.8718	0.8773
msmarco_fair_heldout	sentence-transformers/msmarco-bert-base-dot-v5	mean	29	0.2359	0.2642	0.3769	0.8655	0.8753	0.8795	0.8821
msmarco_fair_heldout	sentence-transformers/msmarco-bert-base-dot-v5	mean	59	0.2504	0.2797	0.3957	0.8768	0.8812	0.8824	0.8827
msmarco_fair_heldout	sentence-transformers/msmarco-bert-base-dot-v5	mean	104	0.2386	0.2713	0.3932	0.8639	0.8729	0.8774	0.8798
msmarco_fair_heldout	sentence-transformers/msmarco-bert-base-dot-v5	mean	996	0.2306	0.2599	0.3701	0.8669	0.8722	0.8723	0.8729
msmarco_fair_heldout	sentence-transformers/msmarco-bert-base-dot-v5	mean	mean	0.2417	0.2719	0.3884	0.8661	0.8737	0.8767	0.8790
msmarco_fair_heldout	sentence-transformers/msmarco-bert-base-dot-v5	mean	std	0.0097	0.0102	0.0146	0.0070	0.0052	0.0046	0.0040
msmarco_fair_heldout	sentence-transformers/msmarco-distilbert-dot-v5	mean	42	0.2271	0.2645	0.4043	0.8598	0.8634	0.8708	0.8771
msmarco_fair_heldout	sentence-transformers/msmarco-distilbert-dot-v5	mean	29	0.2094	0.2480	0.3846	0.8666	0.8717	0.8769	0.8813
msmarco_fair_heldout	sentence-transformers/msmarco-distilbert-dot-v5	mean	59	0.2295	0.2666	0.4068	0.8772	0.8770	0.8800	0.8832
msmarco_fair_heldout	sentence-transformers/msmarco-distilbert-dot-v5	mean	104	0.2180	0.2561	0.3966	0.8602	0.8651	0.8741	0.8785
msmarco_fair_heldout	sentence-transformers/msmarco-distilbert-dot-v5	mean	996	0.2102	0.2452	0.3761	0.8671	0.8667	0.8689	0.8730
msmarco_fair_heldout	sentence-transformers/msmarco-distilbert-dot-v5	mean	mean	0.2188	0.2561	0.3937	0.8662	0.8688	0.8741	0.8786
msmarco_fair_heldout	sentence-transformers/msmarco-distilbert-dot-v5	mean	std	0.0093	0.0096	0.0131	0.0071	0.0055	0.0045	0.0039
trecdl19_fair_all30	BM25	-	NA	0.6804	0.5048	0.1657	0.9872	0.9776	0.9714	0.9595
trecdl19_fair_all30	sentence-transformers/msmarco-distilbert-base-tas-b	cls	NA	0.9000	0.7389	0.2705	0.9710	0.9573	0.9582	0.9561
trecdl19_fair_all30	sentence-transformers/multi-qa-distilbert-dot-v1	cls	NA	0.9028	0.7082	0.2619	0.9710	0.9622	0.9592	0.9568
trecdl19_fair_all30	sentence-transformers/multi-qa-MiniLM-L6-dot-v1	cls	NA	0.8833	0.7180	0.2601	0.9723	0.9655	0.9589	0.9573
trecdl19_fair_all30	sentence-transformers/msmarco-bert-base-dot-v5	mean	NA	0.9500	0.7489	0.2685	0.9667	0.9599	0.9588	0.9538
trecdl19_fair_all30	sentence-transformers/msmarco-distilbert-dot-v5	mean	NA	0.9167	0.7328	0.2639	0.9623	0.9569	0.9580	0.9531
